"StatsDate","OneYearBondYield"
"2015-01-04","3.2566"
"2015-01-05","3.2568"
"2015-01-06","3.2642"
"2015-01-07","3.2088"
"2015-01-08","3.1959"
"2015-01-09","3.1944"
"2015-01-12","3.1953"
"2015-01-13","3.2109"
"2015-01-14","3.2060"
"2015-01-15","3.2100"
"2015-01-16","3.2036"
"2015-01-19","3.1947"
"2015-01-20","3.1917"
"2015-01-21","3.1840"
"2015-01-22","3.1728"
"2015-01-23","3.1756"
"2015-01-26","3.1658"
"2015-01-27","3.1212"
"2015-01-28","3.1076"
"2015-01-29","3.1192"
"2015-01-30","3.1549"
"2015-02-02","3.0945"
"2015-02-03","3.0945"
"2015-02-04","3.0902"
"2015-02-05","3.0740"
"2015-02-06","3.0806"
"2015-02-09","3.0865"
"2015-02-10","3.0796"
"2015-02-11","3.0832"
"2015-02-12","3.0882"
"2015-02-13","3.0896"
"2015-02-15","3.0661"
"2015-02-16","3.0834"
"2015-02-17","3.0831"
"2015-02-25","3.0477"
"2015-02-26","3.0519"
"2015-02-27","3.0599"
"2015-02-28","3.0503"
"2015-03-02","3.0802"
"2015-03-03","3.0855"
"2015-03-04","3.0899"
"2015-03-05","3.1077"
"2015-03-06","3.1179"
"2015-03-09","3.1193"
"2015-03-10","3.1374"
"2015-03-11","3.1424"
"2015-03-12","3.1370"
"2015-03-13","3.1495"
"2015-03-16","3.1496"
"2015-03-17","3.1610"
"2015-03-18","3.1545"
"2015-03-19","3.1739"
"2015-03-20","3.1615"
"2015-03-23","3.1690"
"2015-03-24","3.1731"
"2015-03-25","3.1789"
"2015-03-26","3.1779"
"2015-03-27","3.2018"
"2015-03-30","3.1904"
"2015-03-31","3.2160"
"2015-04-01","3.2345"
"2015-04-02","3.1886"
"2015-04-03","3.1862"
"2015-04-07","3.1896"
"2015-04-08","3.1905"
"2015-04-09","3.1906"
"2015-04-10","3.1546"
"2015-04-13","3.1470"
"2015-04-14","3.1438"
"2015-04-15","3.1232"
"2015-04-16","3.0930"
"2015-04-17","3.0991"
"2015-04-20","3.0597"
"2015-04-21","2.9456"
"2015-04-22","3.0132"
"2015-04-23","3.0247"
"2015-04-24","2.9718"
"2015-04-27","2.9455"
"2015-04-28","2.8839"
"2015-04-29","2.8643"
"2015-04-30","2.8293"
"2015-05-04","2.7078"
"2015-05-05","2.7417"
"2015-05-06","2.7409"
"2015-05-07","2.7180"
"2015-05-08","2.6973"
"2015-05-11","2.6824"
"2015-05-12","2.5741"
"2015-05-13","2.5489"
"2015-05-14","2.4266"
"2015-05-15","2.3395"
"2015-05-18","2.3502"
"2015-05-19","2.3723"
"2015-05-20","2.3729"
"2015-05-21","2.3918"
"2015-05-22","2.3740"
"2015-05-25","2.3602"
"2015-05-26","2.2266"
"2015-05-27","1.9595"
"2015-05-28","1.9994"
"2015-05-29","2.0210"
"2015-06-01","1.9827"
"2015-06-02","1.9790"
"2015-06-03","1.9667"
"2015-06-04","1.9576"
"2015-06-05","1.8973"
"2015-06-08","1.8765"
"2015-06-09","1.7830"
"2015-06-10","1.7096"
"2015-06-11","1.7510"
"2015-06-12","1.7583"
"2015-06-15","1.7369"
"2015-06-16","1.7436"
"2015-06-17","1.7419"
"2015-06-18","1.7322"
"2015-06-19","1.7617"
"2015-06-23","1.7791"
"2015-06-24","1.7764"
"2015-06-25","1.7896"
"2015-06-26","1.7595"
"2015-06-29","1.7561"
"2015-06-30","1.7632"
"2015-07-01","1.8346"
"2015-07-02","1.8455"
"2015-07-03","1.8837"
"2015-07-06","1.8771"
"2015-07-07","1.9155"
"2015-07-08","2.0329"
"2015-07-09","2.2554"
"2015-07-10","2.3243"
"2015-07-13","2.4031"
"2015-07-14","2.3821"
"2015-07-15","2.4768"
"2015-07-16","2.4300"
"2015-07-17","2.4257"
"2015-07-20","2.3617"
"2015-07-21","2.4344"
"2015-07-22","2.4374"
"2015-07-23","2.3742"
"2015-07-24","2.3583"
"2015-07-27","2.4160"
"2015-07-28","2.3213"
"2015-07-29","2.2946"
"2015-07-30","2.2798"
"2015-07-31","2.4272"
"2015-08-03","2.2962"
"2015-08-04","2.3283"
"2015-08-05","2.2645"
"2015-08-06","2.2638"
"2015-08-07","2.2248"
"2015-08-10","2.2282"
"2015-08-11","2.2612"
"2015-08-12","2.3595"
"2015-08-13","2.3107"
"2015-08-14","2.3299"
"2015-08-17","2.3193"
"2015-08-18","2.3281"
"2015-08-19","2.3018"
"2015-08-20","2.2800"
"2015-08-21","2.2941"
"2015-08-24","2.3258"
"2015-08-25","2.3154"
"2015-08-26","2.3027"
"2015-08-27","2.3162"
"2015-08-28","2.3209"
"2015-08-31","2.3047"
"2015-09-01","2.2648"
"2015-09-02","2.2645"
"2015-09-06","2.2793"
"2015-09-07","2.2708"
"2015-09-08","2.2858"
"2015-09-09","2.2856"
"2015-09-10","2.2752"
"2015-09-11","2.2801"
"2015-09-14","2.2921"
"2015-09-15","2.3203"
"2015-09-16","2.3152"
"2015-09-17","2.3104"
"2015-09-18","2.3049"
"2015-09-21","2.3156"
"2015-09-22","2.3163"
"2015-09-23","2.3065"
"2015-09-24","2.3190"
"2015-09-25","2.3185"
"2015-09-28","2.3362"
"2015-09-29","2.3247"
"2015-09-30","2.3384"
"2015-10-08","2.3710"
"2015-10-09","2.3544"
"2015-10-10","2.3740"
"2015-10-12","2.4031"
"2015-10-13","2.3813"
"2015-10-14","2.3849"
"2015-10-15","2.3840"
"2015-10-16","2.3819"
"2015-10-19","2.4748"
"2015-10-20","2.4792"
"2015-10-21","2.4717"
"2015-10-22","2.4610"
"2015-10-23","2.4747"
"2015-10-26","2.4228"
"2015-10-27","2.3894"
"2015-10-28","2.4212"
"2015-10-29","2.3993"
"2015-10-30","2.3662"
"2015-11-02","2.3955"
"2015-11-03","2.4026"
"2015-11-04","2.4607"
"2015-11-05","2.4820"
"2015-11-06","2.4654"
"2015-11-09","2.4882"
"2015-11-10","2.5453"
"2015-11-11","2.5517"
"2015-11-12","2.5625"
"2015-11-13","2.5700"
"2015-11-16","2.5772"
"2015-11-17","2.5777"
"2015-11-18","2.5829"
"2015-11-19","2.6101"
"2015-11-20","2.6033"
"2015-11-23","2.6042"
"2015-11-24","2.5792"
"2015-11-25","2.5845"
"2015-11-26","2.5850"
"2015-11-27","2.5855"
"2015-11-30","2.5687"
"2015-12-01","2.5839"
"2015-12-02","2.5785"
"2015-12-03","2.5726"
"2015-12-04","2.5416"
"2015-12-07","2.5089"
"2015-12-08","2.5006"
"2015-12-09","2.4666"
"2015-12-10","2.4953"
"2015-12-11","2.4725"
"2015-12-14","2.4607"
"2015-12-15","2.4655"
"2015-12-16","2.3918"
"2015-12-17","2.3849"
"2015-12-18","2.3785"
"2015-12-21","2.3727"
"2015-12-22","2.3225"
"2015-12-23","2.3320"
"2015-12-24","2.3278"
"2015-12-25","2.3232"
"2015-12-28","2.3231"
"2015-12-29","2.3309"
"2015-12-30","2.2969"
"2015-12-31","2.3648"
"2016-01-04","2.3968"
"2016-01-05","2.4124"
"2016-01-06","2.4030"
"2016-01-07","2.4211"
"2016-01-08","2.3959"
"2016-01-11","2.3992"
"2016-01-12","2.3687"
"2016-01-13","2.3355"
"2016-01-14","2.3212"
"2016-01-15","2.3484"
"2016-01-18","2.3570"
"2016-01-19","2.3724"
"2016-01-20","2.3826"
"2016-01-21","2.4001"
"2016-01-22","2.4011"
"2016-01-25","2.3990"
"2016-01-26","2.4238"
"2016-01-27","2.4785"
"2016-01-28","2.4449"
"2016-01-29","2.4310"
"2016-02-01","2.3285"
"2016-02-02","2.3362"
"2016-02-03","2.3401"
"2016-02-04","2.3631"
"2016-02-05","2.3442"
"2016-02-06","2.3448"
"2016-02-14","2.3288"
"2016-02-15","2.3307"
"2016-02-16","2.3361"
"2016-02-17","2.3251"
"2016-02-18","2.2943"
"2016-02-19","2.2490"
"2016-02-22","2.2812"
"2016-02-23","2.2727"
"2016-02-24","2.2798"
"2016-02-25","2.2644"
"2016-02-26","2.2736"
"2016-02-29","2.2622"
"2016-03-01","2.1934"
"2016-03-02","2.2175"
"2016-03-03","2.1920"
"2016-03-04","2.1923"
"2016-03-07","2.1977"
"2016-03-08","2.1927"
"2016-03-09","2.1970"
"2016-03-10","2.1930"
"2016-03-11","2.1741"
"2016-03-14","2.1506"
"2016-03-15","2.1263"
"2016-03-16","2.0970"
"2016-03-17","2.0727"
"2016-03-18","2.0733"
"2016-03-21","2.0355"
"2016-03-22","2.0557"
"2016-03-23","2.0555"
"2016-03-24","2.0565"
"2016-03-25","2.0617"
"2016-03-28","2.0636"
"2016-03-29","2.0645"
"2016-03-30","2.0849"
"2016-03-31","2.0615"
"2016-04-01","2.0635"
"2016-04-05","2.0615"
"2016-04-06","2.0864"
"2016-04-07","2.0627"
"2016-04-08","2.0699"
"2016-04-11","2.0952"
"2016-04-12","2.1051"
"2016-04-13","2.1174"
"2016-04-14","2.1414"
"2016-04-15","2.1433"
"2016-04-18","2.1483"
"2016-04-19","2.1495"
"2016-04-20","2.1527"
"2016-04-21","2.1876"
"2016-04-22","2.1286"
"2016-04-25","2.1688"
"2016-04-26","2.2589"
"2016-04-27","2.2460"
"2016-04-28","2.2462"
"2016-04-29","2.2555"
"2016-05-03","2.3105"
"2016-05-04","2.3049"
"2016-05-05","2.3020"
"2016-05-06","2.3146"
"2016-05-09","2.3663"
"2016-05-10","2.3070"
"2016-05-11","2.3109"
"2016-05-12","2.3384"
"2016-05-13","2.3348"
"2016-05-16","2.3062"
"2016-05-17","2.3052"
"2016-05-18","2.3116"
"2016-05-19","2.3134"
"2016-05-20","2.3102"
"2016-05-23","2.3115"
"2016-05-24","2.3606"
"2016-05-25","2.3153"
"2016-05-26","2.3354"
"2016-05-27","2.3558"
"2016-05-30","2.3378"
"2016-05-31","2.3398"
"2016-06-01","2.3378"
"2016-06-02","2.3614"
"2016-06-03","2.3834"
"2016-06-06","2.3864"
"2016-06-07","2.3874"
"2016-06-08","2.3994"
"2016-06-12","2.3996"
"2016-06-13","2.3978"
"2016-06-14","2.3923"
"2016-06-15","2.3916"
"2016-06-16","2.3816"
"2016-06-17","2.3843"
"2016-06-20","2.3872"
"2016-06-21","2.3926"
"2016-06-22","2.3930"
"2016-06-23","2.3929"
"2016-06-24","2.3868"
"2016-06-27","2.3811"
"2016-06-28","2.3793"
"2016-06-29","2.3829"
"2016-06-30","2.3860"
"2016-07-01","2.3969"
"2016-07-04","2.3058"
"2016-07-05","2.3059"
"2016-07-06","2.3741"
"2016-07-07","2.3499"
"2016-07-08","2.3444"
"2016-07-11","2.3088"
"2016-07-12","2.3280"
"2016-07-13","2.3289"
"2016-07-14","2.3322"
"2016-07-15","2.3348"
"2016-07-18","2.3269"
"2016-07-19","2.2843"
"2016-07-20","2.2649"
"2016-07-21","2.2685"
"2016-07-22","2.2644"
"2016-07-25","2.2360"
"2016-07-26","2.2744"
"2016-07-27","2.2731"
"2016-07-28","2.2736"
"2016-07-29","2.2468"
"2016-08-01","2.1861"
"2016-08-02","2.1834"
"2016-08-03","2.1090"
"2016-08-04","2.1165"
"2016-08-05","2.1186"
"2016-08-08","2.1191"
"2016-08-09","2.1383"
"2016-08-10","2.0752"
"2016-08-11","2.0713"
"2016-08-12","2.0678"
"2016-08-15","2.0576"
"2016-08-16","2.0540"
"2016-08-17","2.0160"
"2016-08-18","2.0161"
"2016-08-19","2.0119"
"2016-08-22","2.0123"
"2016-08-23","2.0104"
"2016-08-24","2.0268"
"2016-08-25","2.0245"
"2016-08-26","2.0192"
"2016-08-29","2.0193"
"2016-08-30","2.2144"
"2016-08-31","1.9183"
"2016-09-01","2.1365"
"2016-09-02","2.1399"
"2016-09-05","2.1439"
"2016-09-06","2.1497"
"2016-09-07","2.1489"
"2016-09-08","2.1608"
"2016-09-09","2.1733"
"2016-09-12","2.1849"
"2016-09-13","2.1945"
"2016-09-14","2.1906"
"2016-09-18","2.2013"
"2016-09-19","2.1928"
"2016-09-20","2.1989"
"2016-09-21","2.2035"
"2016-09-22","2.1978"
"2016-09-23","2.1972"
"2016-09-26","2.2104"
"2016-09-27","2.2031"
"2016-09-28","2.2073"
"2016-09-29","2.2031"
"2016-09-30","2.1956"
"2016-10-08","2.1851"
"2016-10-09","2.1749"
"2016-10-10","2.1644"
"2016-10-11","2.1644"
"2016-10-12","2.1679"
"2016-10-13","2.1650"
"2016-10-14","2.1582"
"2016-10-17","2.1532"
"2016-10-18","2.1498"
"2016-10-19","2.1416"
"2016-10-20","2.1268"
"2016-10-21","2.1417"
"2016-10-24","2.1426"
"2016-10-25","2.1418"
"2016-10-26","2.1519"
"2016-10-27","2.1696"
"2016-10-28","2.1843"
"2016-10-31","2.1772"
"2016-11-01","2.1639"
"2016-11-02","2.1692"
"2016-11-03","2.1587"
"2016-11-04","2.1667"
"2016-11-07","2.1552"
"2016-11-08","2.1612"
"2016-11-09","2.1554"
"2016-11-10","2.1743"
"2016-11-11","2.1867"
"2016-11-14","2.1718"
"2016-11-15","2.1734"
"2016-11-16","2.1883"
"2016-11-17","2.2322"
"2016-11-18","2.2353"
"2016-11-21","2.2366"
"2016-11-22","2.2370"
"2016-11-23","2.2402"
"2016-11-24","2.2406"
"2016-11-25","2.2487"
"2016-11-28","2.2548"
"2016-11-29","2.2750"
"2016-11-30","2.3353"
"2016-12-01","2.3680"
"2016-12-02","2.4667"
"2016-12-05","2.3990"
"2016-12-06","2.4968"
"2016-12-07","2.4868"
"2016-12-08","2.4941"
"2016-12-09","2.5067"
"2016-12-12","2.5846"
"2016-12-13","2.7107"
"2016-12-14","2.7113"
"2016-12-15","2.8435"
"2016-12-16","2.9228"
"2016-12-19","3.0082"
"2016-12-20","3.1295"
"2016-12-21","3.0307"
"2016-12-22","2.8778"
"2016-12-23","2.8558"
"2016-12-26","2.8100"
"2016-12-27","2.7703"
"2016-12-28","2.7747"
"2016-12-29","2.7250"
"2016-12-30","2.6449"
"2017-01-03","2.6871"
"2017-01-04","2.7574"
"2017-01-05","2.7840"
"2017-01-06","2.7846"
"2017-01-09","2.8155"
"2017-01-10","2.7435"
"2017-01-11","2.7334"
"2017-01-12","2.7273"
"2017-01-13","2.7057"
"2017-01-16","2.6376"
"2017-01-17","2.6657"
"2017-01-18","2.6687"
"2017-01-19","2.6567"
"2017-01-20","2.6645"
"2017-01-22","2.6534"
"2017-01-23","2.6544"
"2017-01-24","2.6313"
"2017-01-25","2.6925"
"2017-01-26","2.6884"
"2017-02-03","2.7387"
"2017-02-04","2.7347"
"2017-02-06","2.7991"
"2017-02-07","2.8019"
"2017-02-08","2.8260"
"2017-02-09","2.8447"
"2017-02-10","2.8427"
"2017-02-13","2.8036"
"2017-02-14","2.8046"
"2017-02-15","2.8099"
"2017-02-16","2.7667"
"2017-02-17","2.7308"
"2017-02-20","2.7442"
"2017-02-21","2.7088"
"2017-02-22","2.7410"
"2017-02-23","2.7654"
"2017-02-24","2.7489"
"2017-02-27","2.7260"
"2017-02-28","2.7208"
"2017-03-01","2.7340"
"2017-03-02","2.7759"
"2017-03-03","2.8070"
"2017-03-06","2.8009"
"2017-03-07","2.8153"
"2017-03-08","2.8202"
"2017-03-09","2.8314"
"2017-03-10","2.8299"
"2017-03-13","2.8375"
"2017-03-14","2.8345"
"2017-03-15","2.8292"
"2017-03-16","2.8313"
"2017-03-17","2.8515"
"2017-03-20","2.8572"
"2017-03-21","2.8842"
"2017-03-22","2.8770"
"2017-03-23","2.9166"
"2017-03-24","2.8728"
"2017-03-27","2.8688"
"2017-03-28","2.8601"
"2017-03-29","2.8845"
"2017-03-30","2.8661"
"2017-03-31","2.8645"
"2017-04-01","2.8420"
"2017-04-05","2.8603"
"2017-04-06","2.9678"
"2017-04-07","2.9561"
"2017-04-10","2.9515"
"2017-04-11","2.9534"
"2017-04-12","2.9577"
"2017-04-13","2.9568"
"2017-04-14","2.9621"
"2017-04-17","3.0277"
"2017-04-18","3.0953"
"2017-04-19","3.1039"
"2017-04-20","3.1277"
"2017-04-21","3.1179"
"2017-04-24","3.1075"
"2017-04-25","3.1188"
"2017-04-26","3.1188"
"2017-04-27","3.1222"
"2017-04-28","3.2041"
"2017-05-02","3.1773"
"2017-05-03","3.1905"
"2017-05-04","3.3227"
"2017-05-05","3.3007"
"2017-05-08","3.2989"
"2017-05-09","3.3170"
"2017-05-10","3.4627"
"2017-05-11","3.4649"
"2017-05-12","3.4677"
"2017-05-15","3.4955"
"2017-05-16","3.4726"
"2017-05-17","3.5174"
"2017-05-18","3.4841"
"2017-05-19","3.5100"
"2017-05-22","3.5358"
"2017-05-23","3.5263"
"2017-05-24","3.5709"
"2017-05-25","3.5710"
"2017-05-26","3.5613"
"2017-05-27","3.5322"
"2017-05-31","3.4988"
"2017-06-01","3.4795"
"2017-06-02","3.4831"
"2017-06-05","3.4978"
"2017-06-06","3.5180"
"2017-06-07","3.5135"
"2017-06-08","3.6528"
"2017-06-09","3.6535"
"2017-06-12","3.6237"
"2017-06-13","3.5991"
"2017-06-14","3.6200"
"2017-06-15","3.5764"
"2017-06-16","3.5989"
"2017-06-19","3.5889"
"2017-06-20","3.4858"
"2017-06-21","3.4898"
"2017-06-22","3.4904"
"2017-06-23","3.4903"
"2017-06-26","3.4678"
"2017-06-27","3.4148"
"2017-06-28","3.4255"
"2017-06-29","3.4265"
"2017-06-30","3.4460"
"2017-07-03","3.4545"
"2017-07-04","3.4528"
"2017-07-05","3.4615"
"2017-07-06","3.4560"
"2017-07-07","3.4590"
"2017-07-10","3.4567"
"2017-07-11","3.4566"
"2017-07-12","3.4513"
"2017-07-13","3.4473"
"2017-07-14","3.4464"
"2017-07-17","3.4240"
"2017-07-18","3.4400"
"2017-07-19","3.4248"
"2017-07-20","3.4146"
"2017-07-21","3.3930"
"2017-07-24","3.3862"
"2017-07-25","3.3764"
"2017-07-26","3.3895"
"2017-07-27","3.3854"
"2017-07-28","3.3825"
"2017-07-31","3.3838"
"2017-08-01","3.4096"
"2017-08-02","3.3975"
"2017-08-03","3.3946"
"2017-08-04","3.3869"
"2017-08-07","3.3524"
"2017-08-08","3.3735"
"2017-08-09","3.3689"
"2017-08-10","3.3664"
"2017-08-11","3.3545"
"2017-08-14","3.3507"
"2017-08-15","3.3366"
"2017-08-16","3.3468"
"2017-08-17","3.3446"
"2017-08-18","3.3355"
"2017-08-21","3.3364"
"2017-08-22","3.3381"
"2017-08-23","3.3400"
"2017-08-24","3.3422"
"2017-08-25","3.3492"
"2017-08-28","3.3533"
"2017-08-29","3.3582"
"2017-08-30","3.3679"
"2017-08-31","3.3825"
"2017-09-01","3.3987"
"2017-09-04","3.4043"
"2017-09-05","3.4280"
"2017-09-06","3.4283"
"2017-09-07","3.4799"
"2017-09-08","3.4661"
"2017-09-11","3.4601"
"2017-09-12","3.4880"
"2017-09-13","3.4904"
"2017-09-14","3.4790"
"2017-09-15","3.4675"
"2017-09-18","3.4680"
"2017-09-19","3.4634"
"2017-09-20","3.4556"
"2017-09-21","3.4524"
"2017-09-22","3.4526"
"2017-09-25","3.4417"
"2017-09-26","3.4441"
"2017-09-27","3.4488"
"2017-09-28","3.4444"
"2017-09-29","3.4492"
"2017-09-30","3.4449"
"2017-10-09","3.4569"
"2017-10-10","3.4757"
"2017-10-11","3.4900"
"2017-10-12","3.4851"
"2017-10-13","3.4753"
"2017-10-16","3.5119"
"2017-10-17","3.5045"
"2017-10-18","3.5036"
"2017-10-19","3.4855"
"2017-10-20","3.4878"
"2017-10-23","3.4812"
"2017-10-24","3.4797"
"2017-10-25","3.4831"
"2017-10-26","3.5066"
"2017-10-27","3.5387"
"2017-10-30","3.5352"
"2017-10-31","3.5500"
"2017-11-01","3.5374"
"2017-11-02","3.5630"
"2017-11-03","3.5729"
"2017-11-06","3.5767"
"2017-11-07","3.5867"
"2017-11-08","3.5864"
"2017-11-09","3.5508"
"2017-11-10","3.5570"
"2017-11-13","3.5610"
"2017-11-14","3.5714"
"2017-11-15","3.6130"
"2017-11-16","3.6462"
"2017-11-17","3.6448"
"2017-11-20","3.6563"
"2017-11-21","3.6421"
"2017-11-22","3.6515"
"2017-11-23","3.6520"
"2017-11-24","3.6418"
"2017-11-27","3.6515"
"2017-11-28","3.6826"
"2017-11-29","3.6576"
"2017-11-30","3.6503"
"2017-12-01","3.6585"
"2017-12-04","3.6341"
"2017-12-05","3.6431"
"2017-12-06","3.6491"
"2017-12-07","3.7492"
"2017-12-08","3.7517"
"2017-12-11","3.7750"
"2017-12-12","3.8044"
"2017-12-13","3.7844"
"2017-12-14","3.7743"
"2017-12-15","3.7834"
"2017-12-18","3.7787"
"2017-12-19","3.7702"
"2017-12-20","3.7908"
"2017-12-21","3.8050"
"2017-12-22","3.7824"
"2017-12-25","3.7918"
"2017-12-26","3.7873"
"2017-12-27","3.7666"
"2017-12-28","3.7911"
"2017-12-29","3.7579"
"2018-01-02","3.6953"
"2018-01-03","3.6707"
"2018-01-04","3.6117"
"2018-01-05","3.5941"
"2018-01-08","3.5653"
"2018-01-09","3.5548"
"2018-01-10","3.5595"
"2018-01-11","3.6009"
"2018-01-12","3.5874"
"2018-01-15","3.5948"
"2018-01-16","3.5801"
"2018-01-17","3.5886"
"2018-01-18","3.5774"
"2018-01-19","3.5662"
"2018-01-22","3.5552"
"2018-01-23","3.5479"
"2018-01-24","3.5405"
"2018-01-25","3.5171"
"2018-01-26","3.5190"
"2018-01-29","3.5256"
"2018-01-30","3.5107"
"2018-01-31","3.5131"
"2018-02-01","3.4851"
"2018-02-02","3.4852"
"2018-02-05","3.4711"
"2018-02-06","3.4268"
"2018-02-07","3.4204"
"2018-02-08","3.4354"
"2018-02-09","3.4388"
"2018-02-11","3.4214"
"2018-02-12","3.4180"
"2018-02-13","3.4187"
"2018-02-14","3.3924"
"2018-02-22","3.4197"
"2018-02-23","3.4379"
"2018-02-24","3.4161"
"2018-02-26","3.3773"
"2018-02-27","3.3150"
"2018-02-28","3.3501"
"2018-03-01","3.2821"
"2018-03-02","3.2521"
"2018-03-05","3.2862"
"2018-03-06","3.2862"
"2018-03-07","3.2835"
"2018-03-08","3.2719"
"2018-03-09","3.2973"
"2018-03-12","3.2877"
"2018-03-13","3.2947"
"2018-03-14","3.3127"
"2018-03-15","3.2987"
"2018-03-16","3.3077"
"2018-03-19","3.3095"
"2018-03-20","3.3234"
"2018-03-21","3.2958"
"2018-03-22","3.2842"
"2018-03-23","3.2296"
"2018-03-26","3.2775"
"2018-03-27","3.2770"
"2018-03-28","3.2862"
"2018-03-29","3.2868"
"2018-03-30","3.3029"
"2018-04-02","3.3193"
"2018-04-03","3.3072"
"2018-04-04","3.3050"
"2018-04-08","3.2993"
"2018-04-09","3.2868"
"2018-04-10","3.2802"
"2018-04-11","3.2891"
"2018-04-12","3.2812"
"2018-04-13","3.2637"
"2018-04-16","3.1896"
"2018-04-17","3.1967"
"2018-04-18","3.0784"
"2018-04-19","2.9387"
"2018-04-20","3.0174"
"2018-04-23","2.9796"
"2018-04-24","3.0475"
"2018-04-25","3.0393"
"2018-04-26","3.0541"
"2018-04-27","3.0662"
"2018-04-28","3.0726"
"2018-05-02","3.0991"
"2018-05-03","3.1042"
"2018-05-04","3.1020"
"2018-05-07","3.0596"
"2018-05-08","3.0763"
"2018-05-09","3.0624"
"2018-05-10","3.0649"
"2018-05-11","3.0584"
"2018-05-14","3.0689"
"2018-05-15","3.0909"
"2018-05-16","3.1148"
"2018-05-17","3.1425"
"2018-05-18","3.2001"
"2018-05-21","3.2062"
"2018-05-22","3.2284"
"2018-05-23","3.2010"
"2018-05-24","3.1737"
"2018-05-25","3.1960"
"2018-05-28","3.2168"
"2018-05-29","3.2265"
"2018-05-30","3.2261"
"2018-05-31","3.2315"
"2018-06-04","3.1628"
"2018-06-05","3.1919"
"2018-06-06","3.2158"
"2018-06-07","3.2217"
"2018-06-08","3.2220"
"2018-06-11","3.1941"
"2018-06-12","3.2279"
"2018-06-13","3.2444"
"2018-06-14","3.2114"
"2018-06-15","3.2104"
"2018-06-19","3.2315"
"2018-06-20","3.2304"
"2018-06-21","3.2787"
"2018-06-22","3.2925"
"2018-06-25","3.2541"
"2018-06-26","3.2633"
"2018-06-27","3.2725"
"2018-06-28","3.2504"
"2018-06-29","3.1954"
"2018-07-02","3.1941"
"2018-07-03","3.1794"
"2018-07-04","3.0840"
"2018-07-05","3.0612"
"2018-07-06","3.0596"
"2018-07-09","3.0379"
"2018-07-10","3.0616"
"2018-07-11","3.0624"
"2018-07-12","3.0310"
"2018-07-13","3.0296"
"2018-07-16","3.0825"
"2018-07-17","3.0823"
"2018-07-18","3.0804"
"2018-07-19","3.0605"
"2018-07-20","2.9775"
"2018-07-23","3.0812"
"2018-07-24","3.0992"
"2018-07-25","3.1010"
"2018-07-26","3.0990"
"2018-07-27","3.0352"
"2018-07-30","2.9634"
"2018-07-31","2.9375"
"2018-08-01","2.8531"
"2018-08-02","2.8424"
"2018-08-03","2.7946"
"2018-08-06","2.7423"
"2018-08-07","2.6748"
"2018-08-08","2.6702"
"2018-08-09","2.7137"
"2018-08-10","2.7893"
"2018-08-13","2.8064"
"2018-08-14","2.8716"
"2018-08-15","2.8419"
"2018-08-16","2.8397"
"2018-08-17","2.9068"
"2018-08-20","2.9428"
"2018-08-21","2.9491"
"2018-08-22","2.9473"
"2018-08-23","2.8977"
"2018-08-24","2.8622"
"2018-08-27","2.8898"
"2018-08-28","2.9084"
"2018-08-29","2.8723"
"2018-08-30","2.8730"
"2018-08-31","2.8644"
"2018-09-03","2.8706"
"2018-09-04","2.8691"
"2018-09-05","2.8669"
"2018-09-06","2.8721"
"2018-09-07","2.8757"
"2018-09-10","2.8863"
"2018-09-11","2.8979"
"2018-09-12","2.9062"
"2018-09-13","2.8876"
"2018-09-14","2.8930"
"2018-09-17","2.8922"
"2018-09-18","2.9115"
"2018-09-19","2.9060"
"2018-09-20","2.9139"
"2018-09-21","2.9810"
"2018-09-25","3.0106"
"2018-09-26","3.0094"
"2018-09-27","3.0127"
"2018-09-28","2.9742"
"2018-09-29","2.9626"
"2018-09-30","2.9380"
"2018-10-08","2.9843"
"2018-10-09","2.9603"
"2018-10-10","2.9426"
"2018-10-11","2.9228"
"2018-10-12","2.9080"
"2018-10-15","2.9035"
"2018-10-16","2.8866"
"2018-10-17","2.9037"
"2018-10-18","2.9030"
"2018-10-19","2.9069"
"2018-10-22","2.9248"
"2018-10-23","2.9117"
"2018-10-24","2.9079"
"2018-10-25","2.8788"
"2018-10-26","2.8599"
"2018-10-29","2.8561"
"2018-10-30","2.8387"
"2018-10-31","2.8492"
"2018-11-01","2.8332"
"2018-11-02","2.8339"
"2018-11-05","2.8195"
"2018-11-06","2.7950"
"2018-11-07","2.7757"
"2018-11-08","2.7349"
"2018-11-09","2.6989"
"2018-11-12","2.7069"
"2018-11-13","2.6397"
"2018-11-14","2.5991"
"2018-11-15","2.5947"
"2018-11-16","2.5665"
"2018-11-19","2.5768"
"2018-11-20","2.5835"
"2018-11-21","2.5551"
"2018-11-22","2.5707"
"2018-11-23","2.5364"
"2018-11-26","2.5601"
"2018-11-27","2.5549"
"2018-11-28","2.5542"
"2018-11-29","2.5457"
"2018-11-30","2.5122"
"2018-12-03","2.5248"
"2018-12-04","2.5287"
"2018-12-05","2.5222"
"2018-12-06","2.5141"
"2018-12-07","2.5135"
"2018-12-10","2.5115"
"2018-12-11","2.4988"
"2018-12-12","2.4897"
"2018-12-13","2.5066"
"2018-12-14","2.5140"
"2018-12-17","2.5145"
"2018-12-18","2.5510"
"2018-12-19","2.5607"
"2018-12-20","2.6457"
"2018-12-21","2.5776"
"2018-12-24","2.6177"
"2018-12-25","2.6276"
"2018-12-26","2.6469"
"2018-12-27","2.6459"
"2018-12-28","2.5443"
"2018-12-29","2.4523"
"2019-01-02","2.5535"
"2019-01-03","2.4480"
"2019-01-04","2.4223"
"2019-01-07","2.4048"
"2019-01-08","2.3918"
"2019-01-09","2.3382"
"2019-01-10","2.3618"
"2019-01-11","2.3530"
"2019-01-14","2.3763"
"2019-01-15","2.4024"
"2019-01-16","2.3851"
"2019-01-17","2.3576"
"2019-01-18","2.3514"
"2019-01-21","2.3916"
"2019-01-22","2.4015"
"2019-01-23","2.3928"
"2019-01-24","2.3945"
"2019-01-25","2.3912"
"2019-01-28","2.3851"
"2019-01-29","2.3985"
"2019-01-30","2.3964"
"2019-01-31","2.3858"
"2019-02-01","2.3854"
"2019-02-02","2.3809"
"2019-02-03","2.3841"
"2019-02-11","2.3677"
"2019-02-12","2.3832"
"2019-02-13","2.3672"
"2019-02-14","2.3661"
"2019-02-15","2.3668"
"2019-02-18","2.3639"
"2019-02-19","2.3683"
"2019-02-20","2.3240"
"2019-02-21","2.3480"
"2019-02-22","2.3366"
"2019-02-25","2.3700"
"2019-02-26","2.3714"
"2019-02-27","2.3952"
"2019-02-28","2.4126"
"2019-03-01","2.4419"
"2019-03-04","2.4553"
"2019-03-05","2.4606"
"2019-03-06","2.4550"
"2019-03-07","2.4480"
"2019-03-08","2.4755"
"2019-03-11","2.4487"
"2019-03-12","2.4480"
"2019-03-13","2.4541"
"2019-03-14","2.4707"
"2019-03-15","2.4733"
"2019-03-18","2.4748"
"2019-03-19","2.4826"
"2019-03-20","2.4802"
"2019-03-21","2.4560"
"2019-03-22","2.4678"
"2019-03-25","2.4600"
"2019-03-26","2.4947"
"2019-03-27","2.4960"
"2019-03-28","2.4937"
"2019-03-29","2.4801"
"2019-04-01","2.4780"
"2019-04-02","2.4787"
"2019-04-03","2.4830"
"2019-04-04","2.5022"
"2019-04-08","2.5208"
"2019-04-09","2.5116"
"2019-04-10","2.5286"
"2019-04-11","2.5534"
"2019-04-12","2.5544"
"2019-04-15","2.5951"
"2019-04-16","2.6066"
"2019-04-17","2.6577"
"2019-04-18","2.7053"
"2019-04-19","2.7020"
"2019-04-22","2.7066"
"2019-04-23","2.7182"
"2019-04-24","2.7037"
"2019-04-25","2.7240"
"2019-04-26","2.7097"
"2019-04-28","2.6845"
"2019-04-29","2.6943"
"2019-04-30","2.6981"
"2019-05-05","2.7152"
"2019-05-06","2.6676"
"2019-05-07","2.6723"
"2019-05-08","2.6750"
"2019-05-09","2.6865"
"2019-05-10","2.6860"
"2019-05-13","2.6689"
"2019-05-14","2.6725"
"2019-05-15","2.6961"
"2019-05-16","2.6804"
"2019-05-17","2.6832"
"2019-05-20","2.6414"
"2019-05-21","2.6596"
"2019-05-22","2.6715"
"2019-05-23","2.6577"
"2019-05-24","2.6781"
"2019-05-27","2.6649"
"2019-05-28","2.7147"
"2019-05-30","2.6722"
"2019-05-31","2.6237"
"2019-06-03","2.6410"
"2019-06-04","2.6452"
"2019-06-05","2.6358"
"2019-06-06","2.6313"
"2019-06-10","2.6428"
"2019-06-11","2.6436"
"2019-06-12","2.6550"
"2019-06-13","2.6618"
"2019-06-14","2.6795"
"2019-06-17","2.6863"
"2019-06-18","2.7129"
"2019-06-19","2.7118"
"2019-06-20","2.6742"
"2019-06-21","2.6496"
"2019-06-24","2.6525"
"2019-06-25","2.6517"
"2019-06-26","2.6478"
"2019-06-27","2.6207"
"2019-06-28","2.6199"
"2019-07-01","2.6392"
"2019-07-02","2.6460"
"2019-07-03","2.6096"
"2019-07-04","2.5847"
"2019-07-05","2.5820"
"2019-07-08","2.5884"
"2019-07-09","2.6028"
"2019-07-10","2.6155"
"2019-07-11","2.5813"
"2019-07-12","2.5987"
"2019-07-15","2.6017"
"2019-07-16","2.6078"
"2019-07-17","2.6147"
"2019-07-18","2.6309"
"2019-07-19","2.6373"
"2019-07-22","2.6335"
"2019-07-23","2.6253"
"2019-07-24","2.6232"
"2019-07-25","2.6239"
"2019-07-26","2.6247"
"2019-07-29","2.6170"
"2019-07-30","2.6155"
"2019-07-31","2.6069"
"2019-08-01","2.5286"
"2019-08-02","2.4841"
"2019-08-05","2.4843"
"2019-08-06","2.4742"
"2019-08-07","2.4706"
"2019-08-08","2.4708"
"2019-08-09","2.4709"
"2019-08-12","2.4675"
"2019-08-13","2.4668"
"2019-08-14","2.4997"
"2019-08-15","2.4985"
"2019-08-16","2.4994"
"2019-08-19","2.4996"
"2019-08-20","2.4995"
"2019-08-21","2.4999"
"2019-08-22","2.5047"
"2019-08-23","2.4917"
"2019-08-26","2.5007"
"2019-08-27","2.4728"
"2019-08-28","2.5051"
"2019-08-29","2.5034"
"2019-08-30","2.5064"
"2019-09-02","2.6003"
"2019-09-03","2.6088"
"2019-09-04","2.6006"
"2019-09-05","2.5935"
"2019-09-06","2.5913"
"2019-09-09","2.5910"
"2019-09-10","2.5959"
"2019-09-11","2.5905"
"2019-09-12","2.5840"
"2019-09-16","2.5918"
"2019-09-17","2.5740"
"2019-09-18","2.5746"
"2019-09-19","2.5762"
"2019-09-20","2.5765"
"2019-09-23","2.5813"
"2019-09-24","2.5758"
"2019-09-25","2.5832"
"2019-09-27","2.5670"
"2019-09-29","2.5553"
"2019-09-30","2.5502"
"2019-10-08","2.5492"
"2019-10-09","2.5411"
"2019-10-10","2.5508"
"2019-10-11","2.5474"
"2019-10-12","2.5509"
"2019-10-14","2.5517"
"2019-10-15","2.5420"
"2019-10-16","2.5430"
"2019-10-17","2.5491"
"2019-10-18","2.5450"
"2019-10-21","2.5611"
"2019-10-22","2.5715"
"2019-10-23","2.5719"
"2019-10-24","2.6053"
"2019-10-25","2.5885"
"2019-10-28","2.5970"
"2019-10-29","2.6322"
"2019-10-30","2.6437"
"2019-10-31","2.6553"
"2019-11-01","2.6294"
"2019-11-04","2.6385"
"2019-11-05","2.6559"
"2019-11-06","2.6612"
"2019-11-07","2.6597"
"2019-11-08","2.6655"
"2019-11-11","2.6580"
"2019-11-12","2.6552"
"2019-11-13","2.6569"
"2019-11-14","2.6794"
"2019-11-15","2.6898"
"2019-11-18","2.6761"
"2019-11-19","2.6763"
"2019-11-20","2.6598"
"2019-11-21","2.6454"
"2019-11-22","2.6381"
"2019-11-25","2.6488"
"2019-11-26","2.6474"
"2019-11-27","2.6452"
"2019-11-28","2.6399"
"2019-11-29","2.6472"
"2019-12-02","2.6503"
"2019-12-03","2.6485"
"2019-12-04","2.6437"
"2019-12-05","2.6467"
"2019-12-09","2.6519"
"2019-12-10","2.6582"
"2019-12-11","2.6692"
"2019-12-12","2.6741"
"2019-12-13","2.6654"
"2019-12-16","2.6477"
"2019-12-17","2.6429"
"2019-12-18","2.6503"
"2019-12-19","2.6382"
"2019-12-20","2.6082"
"2019-12-23","2.5904"
"2019-12-24","2.5298"
"2019-12-25","2.4895"
"2019-12-26","2.4525"
"2019-12-27","2.3939"
"2019-12-30","2.3657"
"2019-12-31","2.3800"
"2020-01-02","2.4000"
"2020-01-03","2.4358"
"2020-01-06","2.4127"
"2020-01-07","2.4026"
"2020-01-08","2.3856"
"2020-01-09","2.3604"
"2020-01-10","2.3620"
"2020-01-13","2.3588"
"2020-01-14","2.3505"
"2020-01-15","2.3519"
"2020-01-16","2.3413"
"2020-01-17","2.3249"
"2020-01-19","2.3037"
"2020-01-20","2.3148"
"2020-01-21","2.2662"
"2020-01-22","2.2480"
"2020-01-23","2.2184"
"2020-02-03","2.0805"
"2020-02-04","2.0805"
"2020-02-05","2.1327"
"2020-02-06","2.1317"
"2020-02-07","2.0951"
"2020-02-10","2.0673"
"2020-02-11","2.0597"
"2020-02-12","2.0905"
"2020-02-13","2.0370"
"2020-02-14","2.0726"
"2020-02-17","2.0966"
"2020-02-18","2.0618"
"2020-02-19","2.0633"
"2020-02-20","2.0748"
"2020-02-21","2.0550"
"2020-02-24","2.0027"
"2020-02-25","2.0041"
"2020-02-26","2.0296"
"2020-02-27","2.0400"
"2020-02-28","2.0006"
"2020-03-02","2.0556"
"2020-03-03","2.0518"
"2020-03-04","2.0383"
"2020-03-05","2.0431"
"2020-03-06","2.0447"
"2020-03-09","1.9510"
"2020-03-10","2.0069"
"2020-03-11","2.0490"
"2020-03-12","2.0411"
"2020-03-13","2.0367"
"2020-03-16","2.0594"
"2020-03-17","2.0362"
"2020-03-18","2.0470"
"2020-03-19","1.9671"
"2020-03-20","1.9523"
"2020-03-23","1.9407"
"2020-03-24","1.8598"
"2020-03-25","1.8211"
"2020-03-26","1.7199"
"2020-03-27","1.7427"
"2020-03-30","1.7472"
"2020-03-31","1.7430"
"2020-04-01","1.7286"
"2020-04-02","1.6699"
"2020-04-03","1.6762"
"2020-04-07","1.4903"
"2020-04-08","1.2754"
"2020-04-09","1.1869"
"2020-04-10","1.1948"
"2020-04-13","1.2435"
"2020-04-14","1.2407"
"2020-04-15","1.2002"
"2020-04-16","1.1970"
"2020-04-17","1.1834"
"2020-04-20","1.2139"
"2020-04-21","1.2120"
"2020-04-22","1.1663"
"2020-04-23","1.1617"
"2020-04-26","1.2087"
"2020-04-27","1.2190"
"2020-04-28","1.1966"
"2020-04-29","1.1899"
"2020-04-30","1.1643"
"2020-05-06","1.1796"
"2020-05-07","1.1973"
"2020-05-08","1.2188"
"2020-05-09","1.2040"
"2020-05-11","1.2421"
"2020-05-12","1.2721"
"2020-05-13","1.2464"
"2020-05-14","1.2375"
"2020-05-15","1.2381"
"2020-05-18","1.2544"
"2020-05-19","1.2899"
"2020-05-20","1.2965"
"2020-05-21","1.3743"
"2020-05-22","1.3884"
"2020-05-25","1.3957"
"2020-05-26","1.4609"
"2020-05-27","1.5157"
"2020-05-28","1.5865"
"2020-05-29","1.5890"
"2020-06-01","1.5387"
"2020-06-02","1.5777"
"2020-06-03","1.7409"
"2020-06-04","1.8270"
"2020-06-05","2.0307"
"2020-06-09","2.0686"
"2020-06-10","2.0506"
"2020-06-11","2.1004"
"2020-06-12","2.0330"
"2020-06-15","2.0215"
"2020-06-16","2.0624"
"2020-06-17","2.0866"
"2020-06-18","2.1187"
"2020-06-19","2.1094"
"2020-06-22","2.1168"
"2020-06-23","2.2042"
"2020-06-24","2.1418"
"2020-06-28","2.1235"
"2020-06-29","2.1136"
"2020-06-30","2.0781"
"2020-07-01","1.9725"
"2020-07-02","1.9570"
"2020-07-03","1.9704"
"2020-07-06","1.9873"
"2020-07-07","2.0646"
"2020-07-08","2.0133"
"2020-07-09","2.0405"
"2020-07-10","2.0725"
"2020-07-13","2.0784"
"2020-07-14","2.0964"
"2020-07-15","2.0597"
"2020-07-16","2.1173"
"2020-07-17","2.0998"
"2020-07-20","2.1093"
"2020-07-21","2.1034"
"2020-07-22","2.1196"
"2020-07-23","2.1235"
"2020-07-24","2.1226"
"2020-07-27","2.1353"
"2020-07-28","2.1428"
"2020-07-29","2.1461"
"2020-07-30","2.1518"
"2020-07-31","2.1568"
"2020-08-03","2.1915"
"2020-08-04","2.1412"
"2020-08-05","2.1624"
"2020-08-06","2.1952"
"2020-08-07","2.2113"
"2020-08-10","2.2003"
"2020-08-11","2.1746"
"2020-08-12","2.1888"
"2020-08-13","2.2233"
"2020-08-14","2.2323"
"2020-08-17","2.2376"
"2020-08-18","2.2484"
"2020-08-19","2.2668"
"2020-08-20","2.3438"
"2020-08-21","2.3367"
"2020-08-24","2.3525"
"2020-08-25","2.3694"
"2020-08-26","2.3970"
"2020-08-27","2.3908"
"2020-08-28","2.4133"
"2020-08-31","2.4206"
"2020-09-01","2.5044"
"2020-09-02","2.5346"
"2020-09-03","2.5742"
"2020-09-04","2.5824"
"2020-09-07","2.6239"
"2020-09-08","2.6510"
"2020-09-09","2.6361"
"2020-09-10","2.6263"
"2020-09-11","2.6083"
"2020-09-14","2.6346"
"2020-09-15","2.6380"
"2020-09-16","2.6202"
"2020-09-17","2.6256"
"2020-09-18","2.6333"
"2020-09-21","2.6293"
"2020-09-22","2.5899"
"2020-09-23","2.5854"
"2020-09-24","2.5838"
"2020-09-25","2.5977"
"2020-09-27","2.6055"
"2020-09-28","2.5941"
"2020-09-29","2.6214"
"2020-09-30","2.6458"
"2020-10-09","2.6433"
"2020-10-10","2.6708"
"2020-10-12","2.6706"
"2020-10-13","2.6765"
"2020-10-14","2.6830"
"2020-10-15","2.6935"
"2020-10-16","2.7156"
"2020-10-19","2.7188"
"2020-10-20","2.7198"
"2020-10-21","2.7120"
"2020-10-22","2.6778"
"2020-10-23","2.6808"
"2020-10-26","2.6959"
"2020-10-27","2.6979"
"2020-10-28","2.7120"
"2020-10-29","2.7359"
"2020-10-30","2.7637"
"2020-11-02","2.7753"
"2020-11-03","2.7650"
"2020-11-04","2.7589"
"2020-11-05","2.7604"
"2020-11-06","2.7687"
"2020-11-09","2.7986"
"2020-11-10","2.8141"
"2020-11-11","2.8054"
"2020-11-12","2.8164"
"2020-11-13","2.8431"
"2020-11-16","2.8581"
"2020-11-17","2.8686"
"2020-11-18","2.8991"
"2020-11-19","2.9570"
"2020-11-20","2.9673"
"2020-11-23","2.9705"
"2020-11-24","2.9600"
"2020-11-25","2.9743"
"2020-11-26","2.9650"
"2020-11-27","2.9710"
"2020-11-30","2.9680"
"2020-12-01","2.8939"
"2020-12-02","2.9133"
"2020-12-03","2.9128"
"2020-12-04","2.9147"
"2020-12-07","2.9234"
"2020-12-08","2.9135"
"2020-12-09","2.8899"
"2020-12-10","2.8878"
"2020-12-11","2.8790"
"2020-12-14","2.9074"
"2020-12-15","2.8693"
"2020-12-16","2.8143"
"2020-12-17","2.8288"
"2020-12-18","2.8038"
"2020-12-21","2.8047"
"2020-12-22","2.7694"
"2020-12-23","2.7532"
"2020-12-24","2.7375"
"2020-12-25","2.7262"
"2020-12-28","2.6941"
"2020-12-29","2.6639"
"2020-12-30","2.6333"
"2020-12-31","2.5973"
"2021-01-04","2.5579"
"2021-01-05","2.5813"
"2021-01-06","2.5076"
"2021-01-07","2.4051"
"2021-01-08","2.3917"
"2021-01-11","2.3949"
"2021-01-12","2.3364"
"2021-01-13","2.2657"
"2021-01-14","2.2591"
"2021-01-15","2.3131"
"2021-01-18","2.4234"
"2021-01-19","2.4758"
"2021-01-20","2.4971"
"2021-01-21","2.4963"
"2021-01-22","2.4718"
"2021-01-25","2.4806"
"2021-01-26","2.5128"
"2021-01-27","2.5506"
"2021-01-28","2.6420"
"2021-01-29","2.7121"
"2021-02-01","2.5404"
"2021-02-02","2.5037"
"2021-02-03","2.5239"
"2021-02-04","2.5268"
"2021-02-05","2.5452"
"2021-02-07","2.5410"
"2021-02-08","2.5450"
"2021-02-09","2.5418"
"2021-02-10","2.5103"
"2021-02-18","2.5615"
"2021-02-19","2.5114"
"2021-02-20","2.4857"
"2021-02-22","2.4599"
"2021-02-23","2.4545"
"2021-02-24","2.4347"
"2021-02-25","2.4545"
"2021-02-26","2.4596"
"2021-03-01","2.5813"
"2021-03-02","2.5829"
"2021-03-03","2.5913"
"2021-03-04","2.5933"
"2021-03-05","2.6258"
"2021-03-08","2.6138"
"2021-03-09","2.6192"
"2021-03-10","2.6201"
"2021-03-11","2.6280"
"2021-03-12","2.6246"
"2021-03-15","2.6416"
"2021-03-16","2.6337"
"2021-03-17","2.6323"
"2021-03-18","2.6333"
"2021-03-19","2.6280"
"2021-03-22","2.6274"
"2021-03-23","2.6263"
"2021-03-24","2.5950"
"2021-03-25","2.5987"
"2021-03-26","2.6089"
"2021-03-29","2.6150"
"2021-03-30","2.5983"
"2021-03-31","2.5858"
"2021-04-01","2.6084"
"2021-04-02","2.6070"
"2021-04-06","2.6329"
"2021-04-07","2.6281"
"2021-04-08","2.6317"
"2021-04-09","2.6217"
"2021-04-12","2.6197"
"2021-04-13","2.5908"
"2021-04-14","2.5974"
"2021-04-15","2.5914"
"2021-04-16","2.5918"
"2021-04-19","2.5906"
"2021-04-20","2.5800"
"2021-04-21","2.5523"
"2021-04-22","2.5476"
"2021-04-23","2.5300"
"2021-04-25","2.5300"
"2021-04-26","2.5466"
"2021-04-27","2.5328"
"2021-04-28","2.5221"
"2021-04-29","2.4888"
"2021-04-30","2.4962"
"2021-05-06","2.3968"
"2021-05-07","2.3759"
"2021-05-08","2.3757"
"2021-05-10","2.3752"
"2021-05-11","2.3620"
"2021-05-12","2.3477"
"2021-05-13","2.3813"
"2021-05-14","2.3761"
"2021-05-17","2.3975"
"2021-05-18","2.3980"
"2021-05-19","2.3861"
"2021-05-20","2.3827"
"2021-05-21","2.3742"
"2021-05-24","2.3744"
"2021-05-25","2.3868"
"2021-05-26","2.3767"
"2021-05-27","2.3850"
"2021-05-28","2.4049"
"2021-05-31","2.4225"
"2021-06-01","2.3735"
"2021-06-02","2.3673"
"2021-06-03","2.3667"
"2021-06-04","2.3726"
"2021-06-07","2.4215"
"2021-06-08","2.4240"
"2021-06-09","2.4435"
"2021-06-10","2.4454"
"2021-06-11","2.4448"
"2021-06-15","2.4635"
"2021-06-16","2.4811"
"2021-06-17","2.4968"
"2021-06-18","2.4933"
"2021-06-21","2.5006"
"2021-06-22","2.5062"
"2021-06-23","2.4899"
"2021-06-24","2.4470"
"2021-06-25","2.4358"
"2021-06-28","2.4216"
"2021-06-29","2.4368"
"2021-06-30","2.4498"
"2021-07-01","2.3805"
"2021-07-02","2.3746"
"2021-07-05","2.3731"
"2021-07-06","2.3708"
"2021-07-07","2.3514"
"2021-07-08","2.2563"
"2021-07-09","2.2510"
"2021-07-12","2.2256"
"2021-07-13","2.2038"
"2021-07-14","2.1854"
"2021-07-15","2.1758"
"2021-07-16","2.1652"
"2021-07-19","2.1436"
"2021-07-20","2.1240"
"2021-07-21","2.1176"
"2021-07-22","2.1074"
"2021-07-23","2.1012"
"2021-07-26","2.0717"
"2021-07-27","2.0894"
"2021-07-28","2.1453"
"2021-07-29","2.1369"
"2021-07-30","2.1007"
"2021-08-02","2.1835"
"2021-08-03","2.2003"
"2021-08-04","2.2204"
"2021-08-05","2.2246"
"2021-08-06","2.2253"
"2021-08-09","2.2553"
"2021-08-10","2.2688"
"2021-08-11","2.2992"
"2021-08-12","2.2803"
"2021-08-13","2.2925"
"2021-08-16","2.2946"
"2021-08-17","2.2978"
"2021-08-18","2.2821"
"2021-08-19","2.2725"
"2021-08-20","2.2770"
"2021-08-23","2.2850"
"2021-08-24","2.2936"
"2021-08-25","2.2946"
"2021-08-26","2.2986"
"2021-08-27","2.3009"
"2021-08-30","2.3134"
"2021-08-31","2.3113"
"2021-09-01","2.2563"
"2021-09-02","2.2593"
"2021-09-03","2.2654"
"2021-09-06","2.2674"
"2021-09-07","2.2742"
"2021-09-08","2.2801"
"2021-09-09","2.2826"
"2021-09-10","2.2861"
"2021-09-13","2.2967"
"2021-09-14","2.3491"
"2021-09-15","2.3346"
"2021-09-16","2.3483"
"2021-09-17","2.3369"
"2021-09-18","2.3348"
"2021-09-22","2.3251"
"2021-09-23","2.3304"
"2021-09-24","2.3375"
"2021-09-26","2.3390"
"2021-09-27","2.3423"
"2021-09-28","2.3501"
"2021-09-29","2.3569"
"2021-09-30","2.3242"
"2021-10-08","2.3383"
"2021-10-09","2.3446"
"2021-10-11","2.3504"
"2021-10-12","2.3583"
"2021-10-13","2.3461"
"2021-10-14","2.3424"
"2021-10-15","2.3473"
"2021-10-18","2.3772"
"2021-10-19","2.3932"
"2021-10-20","2.3820"
"2021-10-21","2.3717"
"2021-10-22","2.3528"
"2021-10-25","2.3564"
"2021-10-26","2.3565"
"2021-10-27","2.3462"
"2021-10-28","2.3468"
"2021-10-29","2.3373"
"2021-11-01","2.3444"
"2021-11-02","2.3398"
"2021-11-03","2.3359"
"2021-11-04","2.3292"
"2021-11-05","2.3163"
"2021-11-08","2.3259"
"2021-11-09","2.3378"
"2021-11-10","2.3303"
"2021-11-11","2.3461"
"2021-11-12","2.3453"
"2021-11-15","2.3384"
"2021-11-16","2.3388"
"2021-11-17","2.3487"
"2021-11-18","2.3442"
"2021-11-19","2.3360"
"2021-11-22","2.3259"
"2021-11-23","2.3304"
"2021-11-24","2.3247"
"2021-11-25","2.3151"
"2021-11-26","2.3102"
"2021-11-29","2.3239"
"2021-11-30","2.3246"
"2021-12-01","2.3166"
"2021-12-02","2.3194"
"2021-12-03","2.3260"
"2021-12-06","2.3073"
"2021-12-07","2.3148"
"2021-12-08","2.3214"
"2021-12-09","2.3337"
"2021-12-10","2.3300"
"2021-12-13","2.3281"
"2021-12-14","2.3224"
"2021-12-15","2.3237"
"2021-12-16","2.3262"
"2021-12-17","2.3304"
"2021-12-20","2.3381"
"2021-12-21","2.3675"
"2021-12-22","2.3637"
"2021-12-23","2.3464"
"2021-12-24","2.3373"
"2021-12-27","2.3425"
"2021-12-28","2.3496"
"2021-12-29","2.3302"
"2021-12-30","2.3044"
"2021-12-31","2.2238"
"2022-01-04","2.2438"
"2022-01-05","2.2333"
"2022-01-06","2.2447"
"2022-01-07","2.2290"
"2022-01-10","2.2075"
"2022-01-11","2.2046"
"2022-01-12","2.1947"
"2022-01-13","2.2015"
"2022-01-14","2.1948"
"2022-01-17","2.1851"
"2022-01-18","2.1513"
"2022-01-19","2.0865"
"2022-01-20","2.0756"
"2022-01-21","2.0692"
"2022-01-24","2.0217"
"2022-01-25","2.0206"
"2022-01-26","2.0504"
"2022-01-27","2.0497"
"2022-01-28","2.0366"
"2022-01-29","2.0130"
"2022-01-30","2.0164"
"2022-02-07","1.9265"
"2022-02-08","1.9019"
"2022-02-09","1.9178"
"2022-02-10","1.9011"
"2022-02-11","1.9331"
"2022-02-14","1.9157"
"2022-02-15","1.9067"
"2022-02-16","1.8954"
"2022-02-17","1.9230"
"2022-02-18","1.9478"
"2022-02-21","2.0209"
"2022-02-22","2.0551"
"2022-02-23","2.0770"
"2022-02-24","2.0763"
"2022-02-25","2.0748"
"2022-02-28","2.0268"
"2022-03-01","2.0623"
"2022-03-02","2.0839"
"2022-03-03","2.1170"
"2022-03-04","2.1287"
"2022-03-07","2.1157"
"2022-03-08","2.0910"
"2022-03-09","2.1150"
"2022-03-10","2.1363"
"2022-03-11","2.1643"
"2022-03-14","2.0968"
"2022-03-15","2.1341"
"2022-03-16","2.2021"
"2022-03-17","2.1897"
"2022-03-18","2.1659"
"2022-03-21","2.1817"
"2022-03-22","2.1963"
"2022-03-23","2.2065"
"2022-03-24","2.2015"
"2022-03-25","2.1986"
"2022-03-28","2.1955"
"2022-03-29","2.2087"
"2022-03-30","2.1958"
"2022-03-31","2.1896"
"2022-04-01","2.1864"
"2022-04-02","2.1561"
"2022-04-06","2.1421"
"2022-04-07","2.1378"
"2022-04-08","2.1378"
"2022-04-11","2.1474"
"2022-04-12","2.1556"
"2022-04-13","2.1405"
"2022-04-14","2.1170"
"2022-04-15","2.0939"
"2022-04-18","2.1035"
"2022-04-19","2.1112"
"2022-04-20","2.1232"
"2022-04-21","2.1058"
"2022-04-22","2.0816"
"2022-04-24","2.0911"
"2022-04-25","2.0658"
"2022-04-26","2.0441"
"2022-04-27","2.0707"
"2022-04-28","2.1089"
"2022-04-29","2.1042"
"2022-05-05","2.1088"
"2022-05-06","2.1133"
"2022-05-07","2.1213"
"2022-05-09","2.1091"
"2022-05-10","2.0959"
"2022-05-11","2.0906"
"2022-05-12","2.0984"
"2022-05-13","2.0789"
"2022-05-16","2.0715"
"2022-05-17","2.0343"
"2022-05-18","2.0115"
"2022-05-19","2.0100"
"2022-05-20","2.0300"
"2022-05-23","2.0144"
"2022-05-24","2.0004"
"2022-05-25","2.0086"
"2022-05-26","1.9655"
"2022-05-27","1.9468"
"2022-05-30","1.9646"
"2022-05-31","1.9741"
"2022-06-01","1.9654"
"2022-06-02","1.9806"
"2022-06-06","2.0133"
"2022-06-07","2.0598"
"2022-06-08","2.0380"
"2022-06-09","2.0369"
"2022-06-10","2.0175"
"2022-06-13","2.0330"
"2022-06-14","2.0530"
"2022-06-15","2.0468"
"2022-06-16","2.0472"
"2022-06-17","2.0303"
"2022-06-20","2.0342"
"2022-06-21","2.0323"
"2022-06-22","2.0216"
"2022-06-23","1.9976"
"2022-06-24","1.9921"
"2022-06-27","2.0273"
"2022-06-28","2.0266"
"2022-06-29","2.0318"
"2022-06-30","1.9910"
"2022-07-01","1.9794"
"2022-07-04","2.0050"
"2022-07-05","2.0382"
"2022-07-06","2.0291"
"2022-07-07","2.0168"
"2022-07-08","2.0033"
"2022-07-11","1.9865"
"2022-07-12","1.9822"
"2022-07-13","1.9714"
"2022-07-14","1.9608"
"2022-07-15","1.9461"
"2022-07-18","1.9219"
"2022-07-19","1.8908"
"2022-07-20","1.8845"
"2022-07-21","1.8880"
"2022-07-22","1.8904"
"2022-07-25","1.8896"
"2022-07-26","1.8731"
"2022-07-27","1.8522"
"2022-07-28","1.8657"
"2022-07-29","1.8465"
"2022-08-01","1.8253"
"2022-08-02","1.7698"
"2022-08-03","1.7655"
"2022-08-04","1.7281"
"2022-08-05","1.7496"
"2022-08-08","1.7716"
"2022-08-09","1.8248"
"2022-08-10","1.8330"
"2022-08-11","1.8709"
"2022-08-12","1.8533"
"2022-08-15","1.7467"
"2022-08-16","1.7010"
"2022-08-17","1.7214"
"2022-08-18","1.7110"
"2022-08-19","1.7179"
"2022-08-22","1.7302"
"2022-08-23","1.7585"
"2022-08-24","1.7646"
"2022-08-25","1.7852"
"2022-08-26","1.8097"
"2022-08-29","1.8001"
"2022-08-30","1.7502"
"2022-08-31","1.7461"
"2022-09-01","1.7419"
"2022-09-02","1.7261"
"2022-09-05","1.7247"
"2022-09-06","1.7175"
"2022-09-07","1.7348"
"2022-09-08","1.7495"
"2022-09-09","1.7654"
"2022-09-13","1.7899"
"2022-09-14","1.8026"
"2022-09-15","1.8258"
"2022-09-16","1.8420"
"2022-09-19","1.8751"
"2022-09-20","1.8734"
"2022-09-21","1.8704"
"2022-09-22","1.8453"
"2022-09-23","1.8482"
"2022-09-26","1.8775"
"2022-09-27","1.9053"
"2022-09-28","1.9128"
"2022-09-29","1.9042"
"2022-09-30","1.9063"
"2022-10-08","1.8937"
"2022-10-09","1.8695"
"2022-10-10","1.8261"
"2022-10-11","1.8168"
"2022-10-12","1.8307"
"2022-10-13","1.8478"
"2022-10-14","1.8287"
"2022-10-17","1.8245"
"2022-10-18","1.8152"
"2022-10-19","1.8105"
"2022-10-20","1.8149"
"2022-10-21","1.8197"
"2022-10-24","1.8312"
"2022-10-25","1.8408"
"2022-10-26","1.8230"
"2022-10-27","1.8177"
"2022-10-28","1.8207"
"2022-10-31","1.8109"
"2022-11-01","1.8196"
"2022-11-02","1.8194"
"2022-11-03","1.8177"
"2022-11-04","1.8154"
"2022-11-07","1.8105"
"2022-11-08","1.8454"
"2022-11-09","1.8642"
"2022-11-10","1.8589"
"2022-11-11","1.9030"
"2022-11-14","2.0068"
"2022-11-15","2.1423"
"2022-11-16","2.1497"
"2022-11-17","2.2174"
"2022-11-18","2.1631"
"2022-11-21","2.1544"
"2022-11-22","2.1488"
"2022-11-23","2.1209"
"2022-11-24","2.0590"
"2022-11-25","2.0484"
"2022-11-28","2.0754"
"2022-11-29","2.1044"
"2022-11-30","2.1225"
"2022-12-01","2.1609"
"2022-12-02","2.1904"
"2022-12-05","2.1966"
"2022-12-06","2.2019"
"2022-12-07","2.2234"
"2022-12-08","2.2685"
"2022-12-09","2.2773"
"2022-12-12","2.2818"
"2022-12-13","2.3279"
"2022-12-14","2.3126"
"2022-12-15","2.3002"
"2022-12-16","2.3339"
"2022-12-19","2.2865"
"2022-12-20","2.2938"
"2022-12-21","2.3055"
"2022-12-22","2.2884"
"2022-12-23","2.2519"
"2022-12-26","2.2327"
"2022-12-27","2.2514"
"2022-12-28","2.2792"
"2022-12-29","2.2189"
"2022-12-30","2.1777"
"2023-01-03","2.1452"
"2023-01-04","2.1228"
"2023-01-05","2.1141"
"2023-01-06","2.1352"
"2023-01-09","2.1423"
"2023-01-10","2.1625"
"2023-01-11","2.1923"
"2023-01-12","2.1368"
"2023-01-13","2.1443"
"2023-01-16","2.1755"
"2023-01-17","2.1719"
"2023-01-18","2.1624"
"2023-01-19","2.1880"
"2023-01-20","2.1840"
"2023-01-28","2.1960"
"2023-01-29","2.1764"
"2023-01-30","2.1921"
"2023-01-31","2.1901"
"2023-02-01","2.1519"
"2023-02-02","2.1458"
"2023-02-03","2.1362"
"2023-02-06","2.1349"
"2023-02-07","2.1510"
"2023-02-08","2.1644"
"2023-02-09","2.1661"
"2023-02-10","2.1556"
"2023-02-13","2.1574"
"2023-02-14","2.1829"
"2023-02-15","2.1897"
"2023-02-16","2.1752"
"2023-02-17","2.1983"
"2023-02-20","2.2236"
"2023-02-21","2.2579"
"2023-02-22","2.2598"
"2023-02-23","2.2626"
"2023-02-24","2.2882"
"2023-02-27","2.3026"
"2023-02-28","2.3153"
"2023-03-01","2.2884"
"2023-03-02","2.2866"
"2023-03-03","2.2909"
"2023-03-06","2.2615"
"2023-03-07","2.2624"
"2023-03-08","2.2453"
"2023-03-09","2.2517"
"2023-03-10","2.2495"
"2023-03-13","2.2665"
"2023-03-14","2.2627"
"2023-03-15","2.2615"
"2023-03-16","2.2563"
"2023-03-17","2.2590"
"2023-03-20","2.2381"
"2023-03-21","2.2555"
"2023-03-22","2.2501"
"2023-03-23","2.2543"
"2023-03-24","2.2535"
"2023-03-27","2.2399"
"2023-03-28","2.2431"
"2023-03-29","2.2423"
"2023-03-30","2.2403"
"2023-03-31","2.2377"
"2023-04-03","2.2450"
"2023-04-04","2.2476"
"2023-04-06","2.2441"
"2023-04-07","2.2403"
"2023-04-10","2.2413"
"2023-04-11","2.2304"
"2023-04-12","2.2268"
"2023-04-13","2.2163"
"2023-04-14","2.2230"
"2023-04-17","2.2312"
"2023-04-18","2.2328"
"2023-04-19","2.2146"
"2023-04-20","2.2163"
"2023-04-21","2.2140"
"2023-04-23","2.2168"
"2023-04-24","2.2050"
"2023-04-25","2.1970"
"2023-04-26","2.2000"
"2023-04-27","2.1844"
"2023-04-28","2.1642"
"2023-05-04","2.1508"
"2023-05-05","2.1455"
"2023-05-06","2.1399"
"2023-05-08","2.1483"
"2023-05-09","2.1391"
"2023-05-10","2.1335"
"2023-05-11","2.0833"
"2023-05-12","2.0962"
"2023-05-15","2.1047"
"2023-05-16","2.1229"
"2023-05-17","2.1149"
"2023-05-18","2.1324"
"2023-05-19","2.1100"
"2023-05-22","2.0978"
"2023-05-23","2.0531"
"2023-05-24","2.0413"
"2023-05-25","2.0525"
"2023-05-26","2.0580"
"2023-05-29","2.0652"
"2023-05-30","2.0327"
"2023-05-31","2.0270"
"2023-06-01","1.9846"
"2023-06-02","1.9819"
"2023-06-05","1.9809"
"2023-06-06","1.9406"
"2023-06-07","1.9224"
"2023-06-08","1.9256"
"2023-06-09","1.9127"
"2023-06-12","1.9035"
"2023-06-13","1.9009"
"2023-06-14","1.8935"
"2023-06-15","1.9040"
"2023-06-16","1.9254"
"2023-06-19","1.9496"
"2023-06-20","1.9773"
"2023-06-21","1.9642"
"2023-06-25","1.9759"
"2023-06-26","1.9774"
"2023-06-27","1.9843"
"2023-06-28","1.9860"
"2023-06-29","1.9887"
"2023-06-30","1.9656"
"2023-07-03","1.9554"
"2023-07-04","1.9214"
"2023-07-05","1.9098"
"2023-07-06","1.8885"
"2023-07-07","1.8974"
"2023-07-10","1.9083"
"2023-07-11","1.9043"
"2023-07-12","1.9097"
"2023-07-13","1.9075"
"2023-07-14","1.9100"
"2023-07-17","1.9067"
"2023-07-18","1.8721"
"2023-07-19","1.8626"
"2023-07-20","1.8710"
"2023-07-21","1.8654"
"2023-07-24","1.8835"
"2023-07-25","1.9230"
"2023-07-26","1.9622"
"2023-07-27","1.9491"
"2023-07-28","1.9305"
"2023-07-31","1.9074"
"2023-08-01","1.9188"
"2023-08-02","1.9066"
"2023-08-03","1.9104"
"2023-08-04","1.9031"
"2023-08-07","1.9002"
"2023-08-08","1.9006"
"2023-08-09","1.9073"
"2023-08-10","1.9263"
"2023-08-11","1.9322"
"2023-08-14","1.9331"
"2023-08-15","1.7822"
"2023-08-16","1.8266"
"2023-08-17","1.8372"
"2023-08-18","1.8279"
"2023-08-21","1.8428"
"2023-08-22","1.8776"
"2023-08-23","1.8932"
"2023-08-24","1.8938"
"2023-08-25","1.8852"
"2023-08-28","1.9511"
"2023-08-29","1.9701"
"2023-08-30","1.9953"
"2023-08-31","1.9384"
"2023-09-01","1.9505"
"2023-09-04","2.0054"
"2023-09-05","1.9915"
"2023-09-06","2.0085"
"2023-09-07","2.0858"
"2023-09-08","2.0804"
"2023-09-11","2.1475"
"2023-09-12","2.1346"
"2023-09-13","2.1172"
"2023-09-14","2.1209"
"2023-09-15","2.1197"
"2023-09-18","2.1614"
"2023-09-19","2.1870"
"2023-09-20","2.2135"
"2023-09-21","2.2152"
"2023-09-22","2.1980"
"2023-09-25","2.2080"
"2023-09-26","2.2343"
"2023-09-27","2.2399"
"2023-09-28","2.1744"
"2023-10-07","2.1679"
"2023-10-08","2.1493"
"2023-10-09","2.1505"
"2023-10-10","2.1987"
"2023-10-11","2.2305"
"2023-10-12","2.2506"
"2023-10-13","2.2092"
"2023-10-16","2.2001"
"2023-10-17","2.2274"
"2023-10-18","2.2506"
"2023-10-19","2.2865"
"2023-10-20","2.3129"
"2023-10-23","2.3035"
"2023-10-24","2.3221"
"2023-10-25","2.3182"
"2023-10-26","2.2756"
"2023-10-27","2.2891"
"2023-10-30","2.2726"
"2023-10-31","2.2625"
"2023-11-01","2.2959"
"2023-11-02","2.2209"
"2023-11-03","2.2263"
"2023-11-06","2.2323"
"2023-11-07","2.2385"
"2023-11-08","2.2609"
"2023-11-09","2.2506"
"2023-11-10","2.2329"
"2023-11-13","2.2326"
"2023-11-14","2.2164"
"2023-11-15","2.1754"
"2023-11-16","2.1276"
"2023-11-17","2.1482"
"2023-11-20","2.1604"
"2023-11-21","2.1785"
"2023-11-22","2.2836"
"2023-11-23","2.3321"
"2023-11-24","2.3272"
"2023-11-27","2.3707"
"2023-11-28","2.3676"
"2023-11-29","2.3634"
"2023-11-30","2.3423"
"2023-12-01","2.3521"
"2023-12-04","2.3761"
"2023-12-05","2.3948"
"2023-12-06","2.3999"
"2023-12-07","2.3940"
"2023-12-08","2.3774"
